﻿Prevword,Prevtag,Nextword,Nexttag,Case,Num,Key,Class
понижение,S,главный,A,gen,sg,.,tone_1
основной,A,даже,PART,gen,sg,tone_1,tone_1
высота,S,всё,APRO,gen,sg,.,tone_1
самый,A,начать,V,nom,sg,.,tone_1
чистый,A,100,NUM,acc,sg,tone_1,tone_1
четверть,S,и,CONJ,gen,sg,tone_3,tone_3
в,PR,высоко,ADV,acc,sg,.,tone_3
четверть,S,.,.,gen,sg,tone_3,tone_3
в,PR,дерево,S,acc,sg,.,tone_3
восторженный,A,ответ,S,acc,sg,.,tone_4
позитивный,A,учительский,A,nom,sg,.,tone_4
ироничный,A,что,CONJ,acc,sg,.,tone_4
апокалиптический,A,.,.,acc,pl,.,tone_4
смена,S,восточногерманский,A,gen,sg,.,tone_4
оптимистический,A,писательский,A,dat,pl,.,tone_4
резкий,A,против,PR,prep,sg,.,tone_4
евангельский,A,соответсвенно,ADV,prep,pl,.,tone_4
в,PR,Зализина,S,prep,sg,.,tone_6
повышенный,A,не,PART,prep,pl,tone_6,tone_6
в,PR,майор,S,acc,sg,.,tone_6
менять,V,и,CONJ,acc,sg,.,tone_6
говорить,V,брат,S,ins,sg,.,tone_6
в,PR,тенорок,S,acc,sg,.,tone_6
повышенный,A,.,.,prep,pl,tone_6,tone_6
переменить,V,возвышать,V,acc,sg,tone_6,tone_6
изменить,V,какой,APRO,acc,sg,.,tone_6
сбавить,V,я,SPRO,acc,sg,.,tone_6
сменить,V,сказать,V,acc,sg,.,tone_6
такой,APRO,.,.,gen,sg,.,tone_6
сам,APRO,свой,APRO,ins,sg,.,tone_6
в,PR,в,PR,prep,sg,.,tone_6
сам,APRO,свой,APRO,ins,sg,.,tone_6
в,PR,Стравинский,S,acc,sg,.,tone_6
поднять,V,становиться,V,acc,sg,.,tone_6
переменить,V,сказать,V,acc,sg,tone_6,tone_6
тот,APRO,в,PR,acc,sg,.,tone_6
подъём,S,не,PART,gen,sg,.,tone_6
же,PART,просить,V,ins,sg,.,tone_6
переменить,V,и,CONJ,acc,sg,tone_6,tone_6
недовольный,A,что,CONJ,ins,sg,tone_7,tone_7
и,CONJ,знаток,S,ins,sg,.,tone_7
я,SPRO,но,CONJ,nom,sg,.,tone_7
недовольный,A,приказывать,V,ins,sg,tone_7,tone_7
Вестник,S,этот,APRO,acc,sg,.,tone_7
такой,APRO,и,CONJ,prep,sg,tone_7,tone_7
оправдывающийся,A,сказать,V,ins,sg,.,tone_7
прическа,S,гид,S,ins,sg,.,tone_7
он,SPRO,не,PART,ins,sg,.,tone_7
командный,A,ни,PART,ins,sg,.,tone_7
менторский,A,использование,S,acc,sg,.,tone_7
какой,APRO,преподаватель,S,ins,sg,.,tone_7
самоуверенный,A,.,.,acc,sg,.,tone_7
по,PR,хороший,A,dat,sg,.,tone_7
сам,APRO,выступление,S,nom,sg,.,tone_7
сменить,V,на,PR,acc,sg,.,tone_7
придурошный,A,.,.,acc,sg,.,tone_7
приказной,A,поучать,V,ins,sg,.,tone_7
шутливый,A,а,CONJ,ins,sg,.,tone_7
восторженный,A,.,.,acc,sg,.,tone_7
командир,S,приказ,S,ins,sg,.,tone_7
такой,APRO,что,CONJ,ins,sg,tone_7,tone_7
благожелательность,S,и,CONJ,gen,sg,.,tone_7
встревоженный,A,известить,V,ins,sg,.,tone_7
наставительный,A,молодой,A,prep,sg,.,tone_7
бодрый,A,поддерживать,V,ins,sg,.,tone_7
сомневаться,V,американский,A,nom,sg,.,tone_7
и,CONJ,следователь,S,ins,sg,.,tone_7
светский,A,продавщица,S,ins,sg,.,tone_7
продолжать,V,не,PART,ins,sg,.,tone_7
успокаивающий,A,сказать,V,ins,sg,.,tone_7
искусствоведческий,A,который,APRO,dat,sg,.,tone_7
доверительный,A,уточнять,V,acc,sg,.,tone_7
жизнь,S,жэковская,A,ins,sg,.,tone_7
Петр,S,Чацкий,S,ins,sg,.,tone_7
ледяной,A,срезать,V,ins,sg,.,tone_7
приказной,A,от,PR,ins,sg,.,tone_7
привычный,A,врач,S,ins,sg,.,tone_7
вялый,A,он,APRO,nom,sg,.,tone_7
резкий,A,оставаться,V,nom,sg,.,tone_7
другой,A,сказать,V,ins,sg,.,tone_7
я,SPRO,старожил,S,ins,sg,.,tone_7
неполноценность,S,экскурсовод,S,ins,sg,.,tone_7
она,SPRO,лёгкий,A,ins,sg,.,tone_7
её,APRO,непререкаемый,A,nom,sg,.,tone_7
телефон,S,благожелательный,A,nom,sg,.,tone_7
возражение,S,Морж,S,ins,sg,.,tone_7
раздражённый,A,не,PART,nom,sg,.,tone_7
официальный,A,впрочем,CONJ,acc,sg,.,tone_7
общий,A,быть,V,acc,sg,.,tone_7
уверенный,A,спрашивать,V,ins,sg,.,tone_7
игривый,A,ну,PART,gen,sg,.,tone_7
по,PR,почувствовать,V,dat,sg,.,tone_7
торговля,S,министр,S,ins,sg,.,tone_7
он,APRO,но,CONJ,acc,sg,.,tone_7
обиженный,A,говорить,V,ins,sg,tone_7,tone_7
насмешливый,A,.,.,acc,sg,.,tone_7
разлитый,A,превосходство,S,ins,sg,.,tone_7
ехидный,A,посвящённый,A,ins,sg,.,tone_7
учительский,A,выпивать,V,ins,sg,.,tone_7
примирительный,A,сказать,V,ins,sg,.,tone_7
равнодушный,A,который,APRO,ins,sg,.,tone_7
такой,APRO,сказать,V,prep,sg,tone_7,tone_7
в,PR,радостный,A,prep,sg,.,tone_7
обыкновенный,A,какой,APRO,ins,sg,.,tone_7
он,SPRO,мольба,S,ins,sg,.,tone_7
свой,APRO,настолько,ADV,dat,sg,.,tone_7
бесцеремонность,S,Франгейт,S,gen,sg,.,tone_7
властный,A,произвести,V,ins,sg,.,tone_7
печально-недоумевающий,A,какой,APRO,ins,sg,.,tone_7
брезгливый,A,этот,APRO,ins,sg,.,tone_7
напоминающий,A,.,.,ins,sg,.,tone_7
брюзжащий,A,по,PR,acc,sg,.,tone_7
такой,APRO,точно,ADV,ins,sg,tone_7,tone_7
такой,APRO,какой,APRO,ins,sg,tone_7,tone_7
заученный,A,поберечь,V,ins,sg,.,tone_7
другой,A,.,.,ins,sg,.,tone_7
недовольный,A,.,.,ins,sg,tone_7,tone_7
не,PART,а,CONJ,nom,sg,.,tone_7
он,SPRO,сомнение,S,ins,sg,.,tone_7
скучливый,A,быть,V,ins,sg,.,tone_7
обиженный,A,.,.,acc,sg,tone_7,tone_7
весь,APRO,он,APRO,nom,sg,.,tone_7
повелительный,A,указывать,V,ins,sg,.,tone_7
приятнейший,A,чтобы,CONJ,ins,sg,.,tone_7
небрежный,A,и,CONJ,ins,sg,.,tone_7
этот,APRO,так,ADVPRO,prep,sg,.,tone_7
жалкий,A,ты,SPRO,ins,sg,.,tone_7
такой,APRO,который,APRO,prep,sg,.,tone_8
дурной,A,.,.,nom,sg,tone_8,tone_8
заседание,S,задавать,V,acc,sg,tone_8,tone_8
.,.,задавать,V,acc,sg,tone_8,tone_8
хороший,A,.,.,gen,sg,tone_8,tone_8
хороший,A,в,PR,gen,sg,tone_8,tone_8
обрядовый,A,выстовка,S,acc,sg,tone_8,tone_8
хороший,A,считаться,V,ins,sg,tone_8,tone_8
этот,APRO,основной,A,acc,sg,.,tone_8
задавать,V,в,PR,acc,sg,tone_8,tone_8
задавать,V,на,PR,acc,sg,tone_8,tone_8
решение,S,задавать,V,acc,sg,tone_8,tone_8
хороший,A,считаться,V,ins,sg,tone_8,tone_8
а,CONJ,гонка,S,acc,sg,tone_8,tone_8
хороший,A,.,.,gen,sg,tone_8,tone_8
дурной,A,.,.,gen,sg,tone_8,tone_8
хороший,A,за,PR,gen,sg,tone_8,tone_8
же,PART,задавать,V,acc,sg,tone_8,tone_8
дурной,A,.,.,ins,sg,tone_8,tone_8
дурной,A,.,.,nom,sg,tone_8,tone_8
задавать,V,в,PR,acc,sg,tone_8,tone_8
хороший,A,интересоваться,V,ins,sg,tone_8,tone_8
хороший,A,требовать,V,nom,sg,tone_8,tone_8
хороший,A,метод,S,ins,sg,tone_8,tone_8
общий,A,.,.,acc,sg,tone_8,tone_8
приличный,A,и,CONJ,acc,sg,.,tone_8
хороший,A,с,PR,gen,sg,tone_8,tone_8
хороший,A,мода,S,nom,sg,tone_8,tone_8
светлый,A,утрата,S,gen,pl,tone_9,tone_9
оранжевый,A,.,.,acc,pl,.,tone_9
нежный,A,еле,ADV,nom,pl,.,tone_9
чем,CONJ,с,PR,nom,sg,tone_9,tone_9
синий,A,.,.,gen,pl,.,tone_9
темперный,A,красный,A,nom,pl,.,tone_9
тёмный,A,.,.,prep,pl,tone_9,tone_9
персиковый,A,кожа,S,nom,sg,.,tone_9
приглушенный,A,на,PR,nom,sg,.,tone_9
бронзовый,A,корпус,S,prep,pl,.,tone_9
бежевый,A,.,.,gen,pl,.,tone_9
бирюзовый,A,и,CONJ,prep,pl,.,tone_9
тёмный,A,.,.,gen,pl,tone_9,tone_9
кисло-мрачный,A,состояние,S,prep,pl,.,tone_9
тёмный,A,.,.,nom,pl,tone_9,tone_9
нужный,A,.,.,gen,sg,.,tone_9
голубовато-зеленый,A,.,.,prep,pl,.,tone_9
алый,A,.,.,prep,pl,.,tone_9
чёрный,A,мир,S,prep,pl,.,tone_9
светлый,A,вилла,S,gen,pl,tone_9,tone_9
пастельный,A,Чюрленис,S,nom,pl,.,tone_9
мягкий,A,акварельный,A,prep,pl,.,tone_9
желто-коричневый,A,что,CONJ,acc,pl,.,tone_9
в,PR,обувь,S,acc,sg,.,tone_9
золотистый,A,можно,ADV,gen,pl,.,tone_9
мрачный,A,и,CONJ,prep,pl,.,tone_9
нужный,A,уложить,V,acc,sg,.,tone_9
коричневый,A,изображать,V,gen,pl,.,tone_9
пастельный,A,и,CONJ,prep,pl,.,tone_9
насыщенный,A,.,.,acc,pl,.,tone_9
в,NUM,красный,A,acc,sg,.,tone_9
этот,APRO,.,.,gen,pl,.,tone_9
тёмный,A,.,.,acc,pl,tone_9,tone_9
в,PR,штора,S,acc,sg,.,tone_9
в,PR,одежда,S,acc,sg,.,tone_9
пять,NUM,в,PR,gen,pl,.,tone_9
зелёный,A,веко,S,ins,sg,.,tone_9
серо-зеленый,A,.,.,acc,pl,.,tone_9
тёмный,A,к,PR,gen,sg,tone_9,tone_9
пыльно-коричневый,A,несколько,ADV,gen,sg,.,tone_9
же,PART,как,ADVPRO,gen,sg,.,tone_9
лилово-серый,A,и,CONJ,prep,pl,.,tone_9
коричневато-красный,A,в,PR,acc,sg,.,tone_9
этот,APRO,молодой,A,acc,sg,.,tone_9
тёмный,A,и,CONJ,acc,pl,tone_9,tone_9
